keyword,category,used,used_date
공복 혈당 낮추는 방법,건강,N,
중년 다이어트 식단표,다이어트,N,
무릎 관절에 좋은 음식,건강,N,
고혈압에 좋은 차 추천,건강,N,
간헐적 단식 방법 초보,다이어트,N,
갱년기 증상 완화 음식,건강,N,
당뇨 예방 식단 추천,식단,N,
뱃살 빼는 운동 50대,다이어트,N,
콜레스테롤 낮추는 음식,건강,N,
변비에 좋은 음식 best,건강,N,
저염식 식단 일주일,식단,N,
오메가3 효능 부작용,건강,N,
단백질 많은 음식 순위,식단,N,
아침 공복 물 마시기 효과,건강,N,
중년 남성 뱃살 빼기,다이어트,N,
갱년기 다이어트 방법,다이어트,N,
혈관 청소 음식 10가지,건강,N,
장 건강에 좋은 유산균,건강,N,
고구마 다이어트 효과,다이어트,N,
눈 건강에 좋은 음식,건강,N,
간 건강에 좋은 차,건강,N,
다이어트 도시락 메뉴,식단,N,
걷기 운동 효과 30분,건강,N,
탄수화물 줄이는 방법,다이어트,N,
혈압 낮추는 음식 best,건강,N,
50대 여성 다이어트 식단,다이어트,N,
프로바이오틱스 효능 추천,건강,N,
통풍에 좋은 음식 나쁜음식,건강,N,
저칼로리 간식 추천,다이어트,N,
수면에 좋은 음식 불면증,건강,N,
관절에 좋은 운동 추천,건강,N,
중성지방 낮추는 방법,건강,N,
다이어트 아침 식사 추천,식단,N,
비타민D 부족 증상 음식,건강,N,
항산화 음식 노화방지,건강,N,
복부비만 원인 해결법,다이어트,N,
면역력 높이는 음식 방법,건강,N,
저탄고지 식단 일주일,식단,N,
등산 효과 칼로리 소모,건강,N,
요산 수치 낮추는 음식,건강,N,
다이어트 저녁 메뉴 추천,식단,N,
근감소증 예방 운동 식단,건강,N,
마그네슘 많은 음식 효능,건강,N,
체지방 줄이는 식단,다이어트,N,
갱년기 좋은 영양제 추천,건강,N,
혈당 스파이크 방지 방법,건강,N,
팽이버섯 다이어트 효과,다이어트,N,
50대 근력 운동 루틴,건강,N,
지방간 좋은 음식 나쁜음식,건강,N,
식이섬유 많은 음식 순위,식단,N,
다이어트음식,건강,N,
닭가슴살요리,건강,N,
다이어트보조제,건강,Y,2026-05-12
다이어트도시락,건강,N,
다크초콜릿,건강,N,
뱃살빼는법,건강,N,
다이어트약,건강,N,
뱃살빼는운동,건강,N,
간헐적단식,건강,N,
다이어트간식,건강,N,
종아리근육뭉침,건강,N,
계란볶음밥,건강,N,
발렌타인데이,건강,N,
면역력높이는방법,건강,N,
내장지방빼는법,건강,N,
닭가슴살볶음밥,건강,N,
식욕억제제,건강,N,
칼로리계산기,건강,N,
팔뚝살빼는운동,건강,N,
붓기빼는법,건강,N,
다이어트한약,건강,N,
클렌즈주스,건강,N,
칼로리바다이어트,건강,N,
체지방줄이는법,건강,N,
면역력높이는음식,건강,N,
냉동도시락,건강,N,
부천시청맛집,건강,N,
비만치료제,건강,N,
셀룰라이트,건강,N,
여성전용헬스장,건강,N,
허벅지살빼는법,건강,N,
닭가슴살추천,건강,N,
턱살빼는법,건강,N,
간단한아침메뉴,건강,N,
샐러드정기배송,건강,N,
아침간편식,건강,N,
저탄고지식단,건강,N,
다이어트약추천,건강,N,
일주일식단표,건강,N,
단백질도시락,건강,N,
단기간다이어트,건강,N,
다이어트저녁식단,건강,N,
얼굴살빼는법,건강,N,
다이어트운동,건강,N,
단백질쉐이크추천,건강,N,
닭가슴살단백질함량,건강,N,
덴마크다이어트,건강,N,
다이어트식품,건강,N,
알로에베라,건강,N,
다이어트쉐이크,건강,N,
근육통푸는법,건강,N,
냉동볶음밥,건강,N,
복부지방빼는법,건강,N,
소고기우둔살,건강,N,
다이어트한의원,건강,N,
디톡스다이어트,건강,N,
종아리알빼는법,건강,N,
지중해식식단,건강,N,
한약다이어트,건강,N,
직장인도시락,건강,N,
다리붓기빼는법,건강,N,
셀룰라이트제거,건강,N,
단백질식단,건강,N,
다이어트방법,건강,N,
옆구리살빼는운동,건강,N,
다이어트환,건강,N,
갱년기다이어트,건강,N,
단백질쉐이크파우치,건강,N,
식사대용쉐이크,건강,N,
다이어트요리,건강,N,
다이어트약처방,건강,N,
샐러드도시락,건강,N,
닭가슴살다이어트,건강,N,
식사대용단백질쉐이크,건강,N,
한달다이어트식단,건강,N,
호주산소고기,건강,N,
샐러드배달,건강,N,
다이어트음료,건강,N,
남자다이어트식단,건강,N,
볼살빼는법,건강,N,
윗배빼는법,건강,N,
벌크업식단,건강,N,
엉덩이살빼는법,건강,N,
체지방빼는법,건강,N,
닭가슴살10KG,건강,N,
뱃살다이어트,건강,N,
살빼는방법,건강,N,
임산부다이어트,건강,N,
노량진컵밥,건강,N,
닭가슴살도시락,건강,N,
피하지방빼는법,건강,N,
훈제닭가슴살,건강,N,
2주다이어트,건강,N,
예신다이어트,건강,N,
식단도시락,건강,N,
살안찌는음식,건강,N,
클렌즈다이어트,건강,N,
분리대두단백,건강,N,
단백질쉐이크다이어트,건강,N,
혈당다이어트,건강,N,
다이어트치킨,건강,N,
팔뚝살빼는법,건강,N,
닭가슴살100G단백질,건강,N,
닭고기요리,건강,N,
다이어트소고기,건강,N,
헬스닭가슴살,건강,N,
고도비만다이어트,건강,N,
배살빼는운동,건강,N,
다이어트아침식단,건강,N,
다이어트초콜릿,건강,N,
맛있는단백질쉐이크,건강,N,
다이어트샐러드,건강,N,
다이어트단백질쉐이크,건강,N,
출산후다이어트,건강,N,
다이어트볶음밥,건강,N,
허벅지셀룰라이트,건강,N,
일주일다이어트,건강,N,
샐러리주스,건강,N,
저녁다이어트식단,건강,N,
임산부식단,건강,N,
저속노화식단,건강,N,
카카오초콜릿,건강,N,
점심도시락,건강,Y,2026-05-10
복부비만운동,건강,N,
저염식식단,건강,N,
1일1식다이어트,건강,N,
도시락정기배송,건강,N,
샐러드배송,건강,N,
다이어트도시락배달,건강,N,
닭가슴살단백질,건강,N,
곤약볶음밥,건강,N,
다이어트저녁,건강,N,
노원헬스장,건강,N,
냉동닭가슴살10KG,건강,N,
40대다이어트,건강,N,
종아리부종,건강,N,
다이어트식단표,건강,N,
상체살빼기,건강,N,
먹는알로에,건강,N,
다이어트닭가슴살,건강,N,
리즈다이어트,건강,N,
클렌징주스,건강,N,
홍대필라테스,건강,N,
저당초콜릿,건강,N,
알로에베라겔,건강,N,
다이어트프로틴,건강,N,
스팀닭가슴살,건강,N,
면역력높이는영양제,건강,N,
한방다이어트,건강,N,
소고기홍두깨살,건강,N,
다이어트센터,건강,Y,2026-05-12
노원역헬스장,건강,N,
다이어트클리닉,건강,N,
저탄수화물식단,건강,N,
진해헬스장,건강,N,
닭가슴살구이,건강,N,
칼로리낮은음식,건강,N,
간단도시락,건강,N,
허벅지안쪽살,건강,N,
김해헬스장,건강,N,
다이어트고기,건강,N,
연예인다이어트,건강,N,
다이어트도시락만들기,건강,N,
다이어트운동추천,건강,N,
다이어트식,건강,N,
술배빼는법,건강,N,
남자뱃살빼는법,건강,N,
지중해식단,건강,N,
간편도시락,건강,N,
초고도비만,건강,N,
다이어트음식만들기,건강,N,
소고기다이어트,건강,N,
냉동소고기,건강,N,
산후다이어트,건강,N,
다이어트도시락추천,건강,N,
현미밥다이어트,건강,N,
굿스푼도시락,건강,N,
한우우둔살,건강,N,
마산헬스장,건강,N,
다이어트에좋은음식,건강,N,
중년다이어트,건강,N,
식이섬유음료,건강,N,
한달다이어트,건강,N,
단기다이어트,건강,N,
한입닭가슴살,건강,N,
초고도비만다이어트,건강,N,
단백질드링크,건강,N,
식사대용간식,건강,N,
맛있는닭가슴살,건강,N,
매일도시락배달,건강,N,
셀룰라이트없애는방법,건강,N,
체지방분해,건강,N,
알로에베라젤,건강,N,
도시락추천,건강,N,
50대다이어트,건강,N,
닭가슴살100G,건강,N,
닭가슴살150G,건강,N,
한달식단표,건강,N,
벌크업도시락,건강,N,
닭가슴살1KG,건강,Y,2026-05-15
한의원다이어트,건강,N,
다이어트전후,건강,N,
닭가슴살200G,건강,N,
다이어트단백질,건강,N,
다크초콜렛,건강,N,
알로에젤리,건강,N,
다이어트아침,건강,N,
닭가슴살영양성분,건강,N,
헬스소고기,건강,N,
단백질파우치,건강,N,
소고기단백질,건강,N,
맛있는다이어트음식,건강,N,
창원크로스핏,건강,N,
덴마크다이어트식단,건강,N,
탄단지식단,건강,N,
3일다이어트,건강,N,
하체다이어트,건강,N,
다이어트현미밥,건강,N,
상남동헬스장,건강,N,
닭가슴살냉동,건강,N,
다이어트점심,건강,N,
3주다이어트,건강,N,
다이어트우유,건강,N,
다이어트닭가슴살요리,건강,N,
다크초콜릿추천,건강,N,
일주일다이어트식단,건강,N,
하체부종관리,건강,N,
닭가슴살브랜드,건강,N,
건강도시락,건강,N,
남자스킨케어,건강,N,
무설탕초콜릿,건강,N,
아랫배빼는운동,건강,N,
뱃살빼는식단,건강,N,
다크초코렛,건강,N,
프로틴팬케이크,건강,N,
다이어트식단추천,건강,N,
율하헬스장,건강,N,
10일다이어트,건강,N,
저당도시락,건강,N,
종아리관리,건강,N,
운동용닭가슴살,건강,N,
닭가슴살대용량,건강,N,
닭가슴살김치볶음밥,건강,N,
가성비닭가슴살,건강,Y,2026-05-11
저칼로리음식,건강,N,
탄단지도시락,건강,N,
맛있는다이어트식단,건강,N,
쉐이크다이어트,건강,N,
리프팅앰플,건강,N,
단백질쉐이크효과,건강,N,
다이어트배달,건강,N,
단기간살빼기,건강,N,
초콜릿추천,건강,N,
마들역헬스장,건강,N,
살빠지는운동,건강,N,
볶음밥재료,건강,N,
저속노화밥,건강,N,
임산부다이어트식단,건강,N,
곤약현미밥,건강,N,
다리얇아지는법,건강,N,
남자뱃살빼는운동,건강,N,
다이어트하는법,건강,N,
체중조절용쉐이크,건강,N,
닭가슴살식단,건강,N,
남자다이어트,건강,N,
스무디만들기,건강,N,
자연원오클렌즈,건강,N,
예비신부관리,건강,N,
삼송필라테스,건강,N,
은평구헬스장,건강,N,
소고기식단,건강,N,
구산역헬스장,건강,N,
중계동헬스장,건강,N,
다이어트간편식,건강,N,
그린클렌즈,건강,N,
수원다이어트,건강,N,
다이어트후기,건강,N,
오늘은현미밥,건강,N,
포켓도시락,건강,N,
하체비만운동,건강,N,
저탄고지도시락,건강,N,
살빨리빼는법,건강,N,
마산필라테스,건강,N,
저탄고지다이어트,건강,N,
팔뚝살빼기,건강,N,
밀프랩도시락,건강,N,
다이어트야채,건강,N,
다이어트식단배달,건강,N,
식욕억제방법,건강,N,
다이어트선식,건강,N,
구파발필라테스,건강,N,
다이어트단백질식단,건강,N,
아침다이어트식단,건강,N,
살빼는운동,건강,N,
청소년다이어트,건강,N,
복부다이어트,건강,N,
닭가슴살냉장보관,건강,N,
체지방감소,건강,N,
다이어트쉐이크추천,건강,N,
똥배빼는법,건강,N,
10KG감량,건강,N,
다이어트프로그램,건강,N,
목초소고기,건강,N,
냉동도시락추천,건강,N,
뱃살빼기운동,건강,N,
직장인다이어트,건강,N,
바디리프팅,건강,N,
창원다이어트,건강,N,
응암역헬스장,건강,N,
무염닭가슴살,건강,N,
5일다이어트,건강,N,
직장인다이어트도시락,건강,N,
운동없이다이어트,건강,N,
다이어트제품,건강,N,
다이어트티,건강,N,
단백질이많은음식,건강,N,
오트밀두유,건강,N,
노원역PT,건강,N,
정자역필라테스,건강,N,
식단소고기,건강,N,
2주다이어트도시락,건강,N,
수면다이어트,건강,N,
한달다이어트식단표,건강,N,
연신내PT,건강,N,
다이어트식단도시락,건강,N,
50대다이어트방법,건강,N,
하체비만다이어트,건강,N,
응암동헬스장,건강,N,
다이어트다크초콜릿,건강,N,
저탄수식단,건강,N,
다이어트점심식단,건강,N,
고단백도시락,건강,N,
수험생식단,건강,N,
대연생고깃간,건강,N,
냉동볶음밥추천,건강,N,
다이어트단백질음식,건강,N,
대용량닭가슴살,건강,N,
다이어트종류,건강,N,
양많은냉동도시락,건강,N,
볶음밥도시락,건강,N,
다신샵볶음밥,건강,N,
여자다이어트식단,건강,N,
다이어트냉동도시락,건강,N,
데콜테관리,건강,N,
샐러드다이어트,건강,N,
단기다이어트식단,건강,N,
아침식사배달,건강,N,
겨드랑이관리,건강,N,
신촌필라테스,건강,N,
암웨이다이어트,건강,N,
주간식단표,건강,N,
건강한다이어트,건강,N,
비건디저트,건강,N,
무가당초콜릿,건강,N,
선물용초콜릿,건강,N,
닭가슴살사이트,건강,N,
임산부식단관리,건강,N,
굶는다이어트,건강,N,
은평구필라테스,건강,N,
다이어트스무디,건강,N,
클렌즈주스다이어트,건강,N,
클렌즈쥬스,건강,N,
저칼로리식단,건강,N,
다이어트식사,건강,N,
동탄2한의원,건강,N,
임산부식단표,건강,N,
간단한아침식사,건강,N,
구파발한의원,건강,N,
건강식단표,건강,N,
우둔살슬라이스,건강,N,
20KG감량,건강,N,
다리살빼는법,건강,N,
영천동PT,건강,N,
시리얼다이어트,건강,N,
헬스도시락,건강,N,
다이어트추천,건강,N,
건강한다이어트방법,건강,N,
중년여성다이어트,건강,N,
고단백간식,건강,N,
입이심심할때,건강,N,
저탄소식단,건강,N,
당뇨환자식단표,건강,N,
점심다이어트식단,건강,N,
갱년기살빼기,건강,N,
다이어트도시락정기배송,건강,N,
임산부도시락,건강,N,
저염도시락,건강,N,
클렌즈주스효과,건강,N,
스피큘크림,건강,N,
다이어트밀키트,건강,N,
체중조절용조제식품,건강,N,
단백질쉐이크물,건강,N,
닭가슴살50팩,건강,N,
FMD식단,건강,N,
다이어트닭가슴살추천,건강,N,
닭가슴살밥,건강,N,
LATIB,건강,N,
단백질쉐이크내돈내산,건강,N,
클렌저주스,건강,N,
웨딩피부관리,건강,N,
응암역PT,건강,N,
40대다이어트식단,건강,N,
체지방감량,건강,N,
체지방다이어트,건강,N,
내장지방제거,건강,N,
내장지방분해,건강,N,
복부비만다이어트,건강,N,
중학생다이어트,건강,N,
아랫뱃살빼기,건강,N,
탄수화물다이어트,건강,N,
효과좋은단기간다이어트,건강,N,
단기간에살빼는법,건강,N,
얼굴살빼기,건강,N,
다이어트아침대용,건강,N,
샌드위치정기배송,건강,N,
닭가슴살순위,건강,N,
단백질쉐이크비교,건강,Y,2026-05-11
다이어트성공,건강,N,
다이어트식사대용,건강,N,
샐러드도시락배달,건강,N,
오트밀음료,건강,N,
저당바나나우유,건강,N,
다이어트샵,건강,N,
건강한다이어트식단,건강,N,
다이어트도시락싸기,건강,N,
1주일다이어트,건강,N,
저녁도시락,건강,N,
다이어트기계,건강,N,
누워서하는다이어트,건강,N,
뱃살빼는음식,건강,N,
허벅지살빼기,건강,N,
팔뚝살관리,건강,N,
다이어트음식배달,건강,N,
닭가슴살팩,건강,N,
도시락정기배달,건강,N,
닭가슴살가성비,건강,N,
전자렌지도시락,건강,N,
30KG감량,건강,N,
양많은도시락,건강,N,
복부실리프팅,건강,N,
다이어트점심도시락,건강,N,
헬스식단도시락,건강,N,
배곧다이어트,건강,N,
간헐적단식식단,건강,N,
균형잡힌식단,건강,N,
소고기소분,건강,N,
가성비닭가슴살추천,건강,N,
간단한점심도시락,건강,N,
아랫배빼기,건강,N,
웨딩다이어트,건강,N,
바디슬리밍,건강,N,
신촌다이어트,건강,N,
하체비만관리,건강,N,
클렌즈주스레시피,건강,N,
간편아침식사,건강,N,
닭가슴살성분,건강,N,
바디프로필식단,건강,N,
체중감량식단,건강,N,
정기도시락,건강,N,
결혼전관리,건강,Y,2026-05-10
노원구헬스장,건강,N,
고등학생다이어트,건강,N,
현미볶음밥,건강,N,
남자다이어트식단표,건강,N,
종아리알빼기,건강,N,
초콜릿다이어트,건강,N,
비건도시락,건강,N,
닭가슴살100개,건강,N,
직장인다이어트식단,건강,N,
우창윤다이어트,건강,N,
저녁간편식,건강,N,
도시락배송,건강,N,
다이어트식단배송,건강,N,
우둔살1KG,건강,N,
독소빼는법,건강,N,
재미있는운동,건강,N,
간단한다이어트식단,건강,N,
귀리현미밥,건강,N,
무설탕간식,건강,N,
다이어트식단저녁,건강,N,
야채도시락,건강,N,
30대다이어트,건강,N,
우만동필라테스,건강,N,
다이어트식단만들기,건강,N,
비건초콜릿,건강,N,
저렴한닭가슴살,건강,N,
다이어트처방,건강,N,
노원역헬스,건강,N,
냉동다이어트도시락,건강,N,
저칼로리도시락,건강,N,
7일다이어트,건강,N,
다이어트하는방법,건강,N,
뱃살빼는기구,건강,N,
건강식배달,건강,N,
닭가슴살볶음밥추천,건강,N,
남자얼굴관리,건강,N,
응암역필라테스,건강,N,
다이어트도시락레시피,건강,N,
고단백닭가슴살,건강,N,
쉐이크추천,건강,N,
건강식도시락,건강,N,
단백질소고기,건강,N,
당뇨식단관리,건강,N,
상체비만다이어트,건강,N,
다이어트아침식사,건강,N,
절식다이어트,건강,N,
알로에젤리스틱,건강,N,
신부피부관리,건강,N,
소고기도시락,건강,N,
다이어트관리,건강,N,
다이어트식단정기배송,건강,N,
아침대용음식,건강,N,
상남동필라테스,건강,N,
체형관리샵,건강,N,
야채정기배송,건강,N,
통닭가슴살,건강,N,
식사대용쉐이크파우치,건강,N,
다이어트군것질,건강,N,
다이어트효과,건강,N,
예비신부다이어트,건강,N,
종아리지방,건강,N,
엉덩이살빼기,건강,N,
예쁜종아리,건강,N,
종아리근육빼기,건강,N,
저염식도시락,건강,N,
직장도시락,건강,N,
2달다이어트,건강,N,
3개월다이어트,건강,N,
30키로감량,건강,N,
바디케어샵,건강,N,
옆구리살빼기,건강,N,
팔뚝살제거,건강,N,
다이어트한달식단,건강,N,
다이어트학원,건강,N,
닭안심다이어트,건강,N,
다이어트다이어리,건강,Y,2026-05-13
아침밥배달,건강,N,
바이오화장품,건강,N,
샐러드새벽배송,건강,N,
다이어트프로틴추천,건강,N,
초코맛단백질쉐이크,건강,N,
점심간편식,건강,N,
건강하게살빼기,건강,N,
허벅지다이어트,건강,N,
다이어트푸드,건강,N,
종아리셀룰라이트,건강,N,
샐러드닭가슴살,건강,N,
다이어트플래너,건강,N,
호주산우둔살,건강,N,
급다이어트,건강,N,
예신다이어트가격,건강,N,
부종빼는법,건강,N,
비만클리닉프로그램,건강,N,
다이어트가격,건강,N,
곤약도시락,건강,N,
다이어트도시락구독,건강,N,
곤약밥다이어트,건강,N,
팔용동필라테스,건강,N,
건강도시락배달,건강,N,
저탄수화물음식,건강,N,
웨딩촬영관리,건강,N,
샐러드정기배달,건강,N,
다이어트업체,건강,N,
JH윤곽술,건강,N,
1달다이어트,건강,N,
닭가슴살곤약볶음밥,건강,N,
남성다이어트,건강,N,
다이어트상담,건강,N,
종아리다이어트,건강,N,
종아리살빼기,건강,N,
출산다이어트,건강,N,
은평구PT,건강,N,
종아리알제거,건강,N,
다이어트샐러드도시락,건강,N,
다이어트용소고기,건강,N,
연신내운동,건강,N,
건강한도시락,건강,N,
3일다이어트식단,건강,N,
여름다이어트,건강,N,
다이어트회사,건강,N,
살찌는체질,건강,N,
저속노화도시락,건강,N,
신사동필라테스,건강,N,
당뇨식단추천,건강,N,
식물성고기,건강,N,
오리지널닭가슴살,건강,N,
국내산닭가슴살,건강,N,
디톡스클렌즈,건강,N,
슬림앤레그,건강,N,
중계동헬스,건강,N,
현미도시락,건강,N,
다이어트식욕억제,건강,N,
두달다이어트,건강,N,
한달에3키로,건강,N,
다이어트컵밥,건강,N,
등살빼는법,건강,N,
결혼전다이어트,건강,N,
효과적인다이어트,건강,N,
응암필라테스,건강,N,
단백질닭가슴살,건강,N,
종아리얇아지는법,건강,N,
갱년기관리,건강,N,
정기배송샐러드,건강,N,
맛있는쉐이크,건강,N,
우둔살큐브,건강,N,
동탄재활PT,건강,N,
날씬한몸매,건강,N,
일주일도시락,건강,N,
뱃살빨리빼는법,건강,N,
허벅지셀룰라이트제거,건강,N,
직장인냉동도시락,건강,N,
60대다이어트,건강,N,
다이어트광고,건강,N,
다이어트기기,건강,N,
독소다이어트,건강,N,
50대여성다이어트,건강,N,
즉석볶음밥,건강,N,
결혼다이어트,건강,N,
허벅지안쪽살빼기,건강,N,
인계동운동,건강,N,
맛있는다이어트,건강,N,
점심식사대용,건강,N,
다이어트정기배송,건강,N,
곤약즉석밥,건강,N,
창원쥬비스,건강,N,
저칼로리초콜릿,건강,N,
발렌타인초콜릿,건강,N,
우둔살다이어트,건강,N,
단백질쉐이크후기,건강,N,
클렌즈스무디,건강,N,
아몬드우유,건강,N,
오트밀우유,건강,N,
오틀리바리스타,건강,N,
마시는오트밀,건강,N,
오트밀추천,건강,N,
식물성우유,건강,N,
OATLY,건강,N,
오틀리초코,건강,N,
당뇨에좋은음식,건강,N,
혈당측정기,건강,N,
혈당정상수치,건강,N,
공복혈당수치,건강,N,
혈당스파이크,건강,N,
공복혈당정상수치,건강,N,
당뇨정상수치,건강,N,
식후2시간혈당,건강,N,
연속혈당측정기,건강,N,
당화혈색소정상수치,건강,N,
식후혈당정상수치,건강,N,
GLP-1,건강,N,
인슐린저항성,건강,N,
혈당낮추는음식,건강,N,
공복혈당낮추기,건강,N,
혈당낮추는법,건강,N,
당화혈색소검사,건강,N,
당뇨에좋은차,건강,N,
혈당케어영양제,건강,N,
공복혈당높은이유,건강,N,
마이크로바이옴,건강,N,
인슐린주사,건강,N,
당화혈색소낮추기,건강,N,
식후3시간혈당,건강,N,
바나바잎효능,건강,N,
당뇨전단계관리,건강,N,
당뇨병초기증상,건강,N,
임신성당뇨,건강,N,
당뇨환자간식,건강,N,
바나바잎영양제,건강,N,
혈당체크기,건강,N,
혈행개선영양제,건강,N,
2형당뇨병,건강,N,
당뇨전단계,건강,N,
혈당유산균,건강,N,
식후4시간혈당,건강,N,
당뇨측정기,건강,N,
당뇨에좋은영양제,건강,N,
바나바잎추출물,건강,N,
당뇨망막병증,건강,N,
혈당영양제,건강,N,
당뇨영양제,건강,N,
바나나잎추출물,건강,N,
당뇨식단표,건강,N,
부정맥에좋은음식,건강,N,
혈당측정기추천,건강,N,
무채혈혈당측정기,건강,N,
바나바잎차,건강,N,
공복혈당110,건강,N,
당에좋은음식,건강,N,
식후혈당수치,건강,N,
종아리근육경련,건강,N,
덴프스혈당케어,건강,N,
공복혈당100,건강,N,
공복혈당120,건강,N,
당뇨에좋은간식,건강,N,
혈당스파이크방지,건강,N,
혈당유산균HAC01,건강,N,
당뇨에좋은음식과나쁜음식,건강,N,
당뇨간식추천,건강,N,
저혈당음식,건강,N,
제2형당뇨병,건강,N,
혈당관리영양제,건강,N,
1형당뇨병,건강,N,
연속혈당기,건강,N,
당뇨발저림,건강,N,
당뇨검사키트,건강,N,
두유다이어트,건강,N,
당체크기계,건강,N,
당뇨도시락,건강,N,
정상당수치,건강,N,
혈당에좋은음식,건강,N,
당뇨혈당수치,건강,N,
당뇨예방법,건강,N,
혈당조절영양제,건강,N,
당뇨식배달,건강,N,
당뇨아침식단,건강,N,
당뇨체크기,건강,N,
제1형당뇨병,건강,N,
셀렉스썬화이버,건강,N,
공복혈당낮추는법,건강,N,
식후혈당200,건강,N,
당뇨견과류,건강,N,
당뇨에좋은운동,건강,N,
당뇨약끊기,건강,N,
공복혈당105,건강,N,
혈당컷다이어트,건강,N,
연속혈당측정기추천,건강,N,
당뇨좋은음식,건강,N,
블러드케어,건강,N,
바나나잎차,건강,N,
당뇨전단계식단,건강,N,
혈당낮추는영양제,건강,N,
혈당체크기계,건강,N,
공복혈당140,건강,N,
HAC01,건강,N,
당뇨병수치,건강,N,
혈당케어유산균,건강,N,
여주의효능,건강,N,
당뇨병합병증,건강,N,
당케어유산균,건강,N,
혈당체크방법,건강,N,
당뇨유산균,건강,N,
당뇨환자선물,건강,N,
당케어패밀리,건강,N,
임신성당뇨식단,건강,N,
먹는인슐린,건강,N,
혈당보조제,건강,N,
공복혈당이높은이유,건강,N,
당뇨병치료,건강,N,
당뇨측정기계,건강,N,
혈당스파이크약,건강,N,
바나바잎차효능,건강,N,
당뇨와건강,건강,N,
공복혈당200,건강,N,
혈전에좋은음식,건강,N,
당뇨소모성재료,건강,N,
당뇨에좋은채소,건강,N,
당뇨자가진단,건강,N,
바나나잎효능,건강,N,
혈당검사기,건강,N,
당뇨보조제,건강,N,
당뇨에좋은음료,건강,N,
리얼여주정,건강,N,
자동혈당측정기,건강,N,
바나바리프,건강,N,
덴프스혈당케어프로,건강,N,
당뇨에좋은견과류,건강,N,
살빠지는당뇨약,건강,N,
혈당연속측정기,건강,N,
바나바잎코로솔산,건강,N,
저혈당에좋은음식,건강,N,
공복혈당낮추는방법,건강,N,
당뇨잡곡밥,건강,N,
콜레스테롤관리,건강,N,
당뇨검사지,건강,N,
혈당에좋은차,건강,N,
당뇨체크기계,건강,N,
혈당관리식단,건강,N,
당뇨검사기,건강,N,
양춘사추출물,건강,N,
공복혈당관리,건강,N,
연속혈당측정기가격,건강,N,
당뇨병음식,건강,N,
정상당뇨수치,건강,N,
혈당체크지,건강,N,
당뇨영양제추천,건강,N,
당뇨에좋은약초,건강,N,
당수치낮추는법,건강,N,
당에좋은차,건강,N,
혈당측정스마트워치,건강,N,
혈당체크기추천,건강,N,
공복혈당영양제,건강,N,
당뇨시험지,건강,N,
당뇨초콜릿,건강,N,
당뇨병에좋은음식,건강,N,
바나나잎영양제,건강,N,
당뇨에좋은식품,건강,N,
당뇨다이어트,건강,N,
당뇨에좋은,건강,N,
혈당엔바나바,건강,N,
당뇨예방음식,건강,N,
당뇨에좋은밥,건강,Y,2026-05-10
가정용혈당측정기,건강,N,
24시간혈당측정기,건강,N,
혈당계추천,건강,N,
당뇨인간식,건강,N,
당뇨단백질,건강,N,
당뇨환자두유,건강,N,
당뇨에좋은선물,건강,N,
혈당측정지,건강,N,
뉴트리원유산균,건강,N,
당뇨측정기추천,건강,N,
혈당기추천,건강,N,
당뇨에좋은건강식품,건강,N,
당뇨비타민,건강,N,
뇌경색에좋은영양제,건강,N,
혈당유산균추천,건강,N,
당뇨에좋은것,건강,N,
당뇨음료수,건강,N,
칼로비스가벼울소다,건강,N,
혈당낮추는약,건강,N,
콜레스테롤낮추는법,건강,N,
당뇨에좋은즙,건강,N,
당뇨혈당체크기,건강,N,
혈당케어프로,건강,N,
당뇨환자음료,건강,N,
당뇨영양식,건강,N,
여주바나바,건강,N,
당뇨에좋은식단,건강,N,
당뇨환자음식,건강,N,
당질제한식,건강,N,
바나바효능,건강,N,
당뇨아침식사,건강,N,
당뇨병식단,건강,N,
천연인슐린,건강,N,
당뇨건강식품,건강,N,
당뇨환자영양제,건강,N,
임당도시락,건강,N,
오메가3당뇨,건강,N,
당뇨기준수치,건강,N,
혈당에좋은영양제,건강,Y,2026-05-11
대장내시경바지,건강,N,
혈당낮추는방법,건강,N,
식후혈당관리,건강,N,
셀렉스유산균,건강,N,
코엔자임Q10오메가3,건강,N,
혈당낮추기,건강,N,
혈당건강바나바,건강,N,
혈당바나바,건강,N,
당뇨한의원,건강,N,
당뇨식도시락,건강,N,
당뇨전단계영양제,건강,N,
혈당조절제,건강,N,
당뇨예방약,건강,N,
혈관청소부,건강,N,
혈당체크앱,건강,N,
혈당관리다이어트,건강,N,
바나나리프,건강,N,
혈액순환개선제추천,건강,N,
유한양행혈당유산균,건강,N,
혈당조절식품,건강,N,
바나바나잎,건강,N,
혈당엔유산균,건강,N,
BLOODSUGAR,건강,N,
당뇨단백질보충제,건강,N,
혈당케어웰,건강,N,
당뇨검사기계,건강,N,
연속혈당측정,건강,N,
유한혈당케어,건강,N,
당화혈색소영양제,건강,N,
혈당억제제,건강,N,
식후혈당영양제,건강,N,
다이어트혈당,건강,N,
닥터린블러드케어,건강,N,
셀렉스구아검,건강,N,
혈당측정기가격,건강,N,
HAC01유산균,건강,N,
인슐린다이어트,건강,N,
협심증증세,건강,N,
70대유산균,건강,N,
당뇨환자유산균,건강,N,
이상지질혈증영양제,건강,N,
당뇨진단키트,건강,N,
혈당건강기능식품,건강,N,
바나나추출물,건강,N,
당뇨간편식,건강,Y,2026-05-10
고혈압영양제추천,건강,N,
혈당측정기시험지,건강,N,
혈당측정기계,건강,N,
유한양행혈당케어,건강,N,
당뇨에좋은두유,건강,N,
식후혈당케어,건강,N,
혈당관리약,건강,N,
당뇨약추천,건강,N,
혈당조절약,건강,N,
공복혈당약,건강,N,
카테킨바나바,건강,N,
바나바유산균,건강,N,
혈당측정앱,건강,N,
당뇨좋은약,건강,N,
인슐린저항성영양제,건강,N,
혈당보조제추천,건강,N,
혈당건강바나바리프,건강,N,
사이클다이어트,건강,N,
당뇨식사대용,건강,N,
당뇨환자단백질,건강,N,
바나바잎티백,건강,N,
혈당콜레스테롤,건강,N,
슈가릴리프,건강,N,
좋은습관애사비,건강,N,
바나바잎영양제추천,건강,N,
바나바추출물,건강,N,
바나나잎코로솔산,건강,N,
혈당영양제추천,건강,N,
혈압건강식품,건강,N,
다이어트주사,건강,N,
지방분해주사,건강,N,
대사증후군,건강,N,
팔뚝지방분해주사,건강,N,
복부지방분해주사,건강,N,
비만클리닉,건강,N,
단백뇨치료,건강,N,
엔더몰로지,건강,N,
광대보톡스,건강,N,
건강보조식품,건강,N,
HPL주사,건강,N,
다이어트병원,건강,N,
식욕억제제처방,건강,Y,2026-05-13
콜레우스포스콜리,건강,N,
강남다이어트,건강,N,
아르기닌주사,건강,N,
효소다이어트,건강,N,
잠실다이어트,건강,N,
강남다이어트한의원,건강,N,
다이어트수액,건강,N,
효과좋은다이어트보조제,건강,N,
갱년기치료,건강,N,
한남동피부과,건강,N,
갱년기병원,건강,N,
연예인다이어트보조제,건강,N,
체지방분해보조제,건강,N,
미국다이어트보조제,건강,N,
강남역다이어트,건강,N,
한약다이어트후기,건강,N,
호르몬다이어트,건강,N,
다이어트보조제내돈내산,건강,N,
다이어트의원,건강,N,
다이어트건강기능식품,건강,N,
송파다이어트,건강,N,
다이어트보조제순위,건강,N,
이용식다이어트,건강,N,
남자뱃살빼는약,건강,N,
기초대사량다이어트,건강,N,
여자한테좋은영양제,건강,N,
청담비만클리닉,건강,N,
강남역다이어트한의원,건강,N,
안양다이어트한의원,건강,N,
갱년기다이어트보조제,건강,N,
갱년기복부비만,건강,N,
다이어트유산균,건강,N,
변비에좋은음식,건강,N,
차전자피효능,건강,N,
다이어트보조제추천,건강,N,
난소화성말토덱스트린,건강,N,
체지방컷팅제,건강,N,
페닐알라닌,건강,N,
탄수화물컷팅제,건강,N,
다이어트효소,건강,N,
다이어트영양제,건강,N,
살빠지는차,건강,N,
남자다이어트보조제,건강,N,
혈액순환병원,건강,N,
비대면다이어트약처방,건강,N,
강남가로세로한의원,건강,N,
덴마크유산균,건강,N,
프로바이오틱스,건강,N,
프로바이오틱스유산균,건강,N,
장염에좋은음식,건강,N,
비피더스유산균,건강,N,
유산균추천,건강,N,
배에가스빼는법,건강,N,
배에가스찼을때,건강,N,
소화잘되는음식,건강,N,
임산부선물,건강,N,
과민대장증후군,건강,N,
설사에좋은음식,건강,N,
소화안될때,건강,N,
장에좋은음식,건강,N,
바이오틱스,건강,N,
비피더스균,건강,N,
똥잘나오는법,건강,N,
셀레늄효능,건강,N,
곤약쫀드기,건강,N,
프로바이오유산균,건강,N,
과민성대장유산균,건강,N,
변비유산균,건강,N,
유산균효능,건강,N,
변비에좋은과일,건강,N,
똥안나올때,건강,N,
소화불량복부팽만,건강,N,
배가빵빵해요,건강,N,
임산부변비,건강,N,
LGG유산균,건강,N,
유산균복용시간,건강,N,
유산균먹는시간,건강,N,
변비에좋은유산균,건강,N,
과민성대장증후군유산균,건강,N,
대장에좋은음식,건강,N,
대장유산균,건강,N,
프로바이오틱스효능,건강,N,
어린이간식,건강,N,
숙변제거방법,건강,N,
면역영양제,건강,N,
변비에좋은차,건강,N,
염증유산균,건강,N,
장에좋은영양제,건강,N,
배가부글부글,건강,Y,2026-05-10
장유산균추천,건강,N,
알로에효능,건강,N,
유산균섭취시간,건강,N,
두유요거트,건강,N,
프로바이오틱스유산균추천,건강,N,
과민성대장증후군음식,건강,N,
장에좋은유산균,건강,N,
쌀누룩요거트,건강,N,
유산균효과,건강,N,
변이안나올때,건강,N,
여드름유산균,건강,N,
장건강영양제,건강,N,
유산균음료,건강,N,
갑상선항진증약,건강,N,
다이어트변비,건강,N,
프리미엄유산균,건강,N,
청소년유산균,건강,N,
유산균복용법,건강,N,
아토피유산균,건강,N,
장내유익균,건강,N,
장건강유산균,건강,Y,2026-05-10
비피도박테리움,건강,N,
변비에좋은운동,건강,N,
유산균요구르트,건강,N,
장건강에좋은음식,건강,N,
유산균공복,건강,N,
유산균종류,건강,Y,2026-05-10
쾌변유산균,건강,N,
장염유산균,건강,N,
변비유산균추천,건강,N,
설사유산균,건강,N,
성인유산균추천,건강,N,
과민성대장증후군좋은음식,건강,N,
유산균100억,건강,N,
장에좋은차,건강,N,
복부팽만약,건강,N,
유산균설사,건강,N,
프로스랩유산균,건강,N,
과민성대장,건강,N,
과민성대장증후군가스형,건강,N,
비피더스균유산균,건강,N,
과민성대장염,건강,N,
장이안좋을때,건강,N,
면역력강화,건강,N,
과민성장증후군,건강,N,
토끼똥변비,건강,N,
유산균알약,건강,N,
임산부의날,건강,N,
변비해결법,건강,N,
염증지방균,건강,N,
과민대장증후군약,건강,N,
장운동촉진제,건강,N,
방귀가자주나오는이유,건강,N,
유산균분양,건강,N,
락토바실러스람노서스,건강,N,
온가족유산균,건강,N,
요거트유산균,건강,N,
BG유산균,건강,N,
유산균CFU,건강,N,
유산균캡슐,건강,N,
변비직빵음식,건강,N,
곤약쫀득이,건강,N,
크리스찬한센유산균,건강,N,
냉장유산균,건강,N,
변비에좋은음료,건강,N,
약국유산균추천,건강,N,
홈쇼핑유산균,건강,N,
비피더스유산균추천,건강,N,
프로바이오틱,건강,N,
캡슐유산균,건강,N,
PROBIOTICS,건강,N,
람노서스유산균,건강,N,
과민성대장증후군설사,건강,N,
프리바이오틱스와프로바이오틱스,건강,N,
암환자유산균,건강,N,
변비가심할때,건강,N,
덴마크프로바이오틱스,건강,N,
남자유산균,건강,Y,2026-05-14
과민대장증후군유산균,건강,N,
남성유산균,건강,N,
한가인유산균,건강,N,
프로바이오,건강,N,
변비에좋은식품,건강,N,
성인유산균,건강,N,
LACTOBACILLUS,건강,N,
프로바이오틱스생유산균,건강,N,
설사에좋은유산균,건강,N,
장용성유산균,건강,N,
유산균변비,건강,N,
알약유산균,건강,N,
질경이씨앗,건강,N,
프로바이오틱스추천,건강,N,
대장에좋은유산균,건강,N,
프리프로바이오틱스,건강,N,
임산부변비유산균,건강,N,
장내유산균,건강,N,
60대유산균,건강,N,
대장에좋은영양제,건강,N,
유산균영양제,건강,N,
차전차피환,건강,N,
프로바이오틱스유산균효능,건강,N,
유렉스유산균,건강,N,
변비해결방법,건강,N,
크리스찬한센,건강,N,
유산균냉장보관,건강,N,
상쾌한변화,건강,N,
실리엄허스크,건강,N,
면역증강제,건강,N,
프로바이오스틱,건강,N,
변비에좋은,건강,N,
변비영양제,건강,N,
다이어트변비해결,건강,N,
락토바실러스람노서스GG,건강,N,
누룩요거트,건강,N,
에버핏차전자피,건강,N,
비피더스균추천,건강,N,
만성변비유산균,건강,N,
유산균보장균수,건강,N,
알로에베라효능,건강,N,
과민성대장증후군유산균추천,건강,N,
유산균프로바이오틱스,건강,N,
변비에좋은야채,건강,N,
과민성대장증후군영양제,건강,N,
장까지가는유산균,건강,N,
유산균순위,건강,N,
김재식양배추즙,건강,N,
다이어트쫀드기,건강,N,
대장영양제,건강,N,
알로에비누,건강,N,
프리미엄프로바이오틱스,건강,N,
노인성변비,건강,N,
맛있는유산균,건강,N,
유산균브랜드,건강,N,
유산균프리바이오틱스,건강,N,
변비에좋은유산균추천,건강,N,
유산균균주,건강,N,
유산균고르는법,건강,N,
비건요거트,건강,N,
덴마크유산균12개월,건강,N,
PROBIOTIC,건강,N,
백억유산균,건강,N,
효과좋은유산균,건강,N,
유산균화장품,건강,N,
프로바이오틱스가루,건강,N,
50대유산균,건강,N,
덴마크프로바이오틱스유산균,건강,N,
노인유산균,건강,N,
민감한장유산균,건강,N,
유산균효소,건강,N,
면역력증진,건강,N,
배변유도제,건강,N,
유산균파우더,건강,N,
장가스제거,건강,N,
가족유산균,건강,N,
엘지지유산균,건강,N,
약사추천유산균,건강,N,
프로바이틱스,건강,N,
유산균분말,건강,N,
차전자피영양제,건강,N,
킹프리미엄프로바이오틱스,건강,N,
변비직빵유산균,건강,N,
치질유산균,건강,N,
유산균스틱,건강,N,
유산균냉장,건강,N,
장에좋은프로바이오틱스,건강,N,
유산균아연,건강,N,
슈퍼프로바이오틱스,건강,N,
변비에좋은영양제,건강,N,
과민성유산균,건강,N,
수험생유산균,건강,N,
과민성대장증후군가스,건강,N,
위에좋은유산균,건강,N,
프로바이오틱스100억,건강,N,
유산균제품,건강,N,
유산균LGG,건강,N,
면역력높이기,건강,N,
유산균의효능,건강,N,
좋은유산균,건강,N,
유산균비교,건강,N,
핑크프로바이오틱스,건강,N,
신경성소화불량,건강,N,
유산균보관,건강,N,
장내유해균제거,건강,N,
변비보조제,건강,N,
숙변제거제,건강,N,
어른유산균,건강,N,
변잘보는법,건강,N,
유산균장건강,건강,N,
배변에좋은음식,건강,N,
남성유산균추천,건강,N,
이너프로바이오틱스,건강,N,
4세대유산균,건강,N,
배변유산균,건강,N,
장건강식품,건강,N,
변비치료제,건강,N,
복합유산균,건강,N,
프리미엄건강식품,건강,N,
변비에좋은것,건강,N,
박테로이데테스,건강,N,
변비에좋은약초,건강,N,
유산균만드는법,건강,N,
광동유산균,건강,N,
30대유산균,건강,N,
부모님유산균,건강,N,
섬유질영양제,건강,N,
뉴질랜드유산균,건강,N,
프로바이오틱스유산균가격,건강,N,
차전자피알약,건강,N,
캐나다프로바이오틱스,건강,N,
발효유산균,건강,N,
콘드로이친효능,건강,N,
손가락관절통증,건강,N,
관절영양제,건강,N,
철갑상어콘드로이친,건강,N,
콘드로이친추천,건강,N,
소연골콘드로이친,건강,N,
건강기능식품,건강,N,
관절연골영양제,건강,N,
엄지손가락통증,건강,N,
왼쪽어깨통증,건강,N,
관절엔콘드로이친,건강,N,
손가락부었을때,건강,N,
무릎에물찼을때,건강,N,
관절MSM,건강,N,
고관절통증원인,건강,N,
JOINT,건강,N,
손목아플때,건강,N,
연골연화증,건강,N,
무릎관절영양제,건강,N,
관절에좋은음식,건강,N,
새끼손가락통증,건강,N,
무릎관절염,건강,N,
복숭아뼈통증,건강,N,
관절에좋은영양제,건강,N,
연골영양제,건강,N,
관절염영양제,건강,N,
무릎영양제,건강,N,
허리에좋은음식,건강,N,
무릎MRI비용,건강,N,
뼈건강영양제,건강,N,
무릎관절통증,건강,N,
손가락관절,건강,N,
손마디통증,건강,N,
무릎연골재생,건강,N,
무릎에좋은음식,건강,N,
무릎연골영양제,건강,N,
유착성관절낭염,건강,N,
코스트코콘드로이친,건강,N,
무릎연골주사가격,건강,N,
어깨염증치료,건강,N,
관절염에좋은음식,건강,N,
관절약추천,건강,N,
연골에좋은음식,건강,N,
엄지손가락관절통증,건강,N,
류머티스관절염,건강,N,
류마티스관절염음식,건강,N,
골프손가락마디통증,건강,N,
퇴행성관절염영양제,건강,N,
관절영양제추천,건강,N,
무릎이아파요,건강,N,
골밀도영양제,건강,N,
무릎에좋은영양제,건강,N,
관절에좋은약초,건강,N,
무릎관절에좋은음식,건강,N,
무릎구부릴때통증,건강,N,
허리영양제,건강,N,
무릎연골에좋은음식,건강,N,
손가락관절부음,건강,N,
퇴행성관절염증상,건강,N,
허리통증파스,건강,N,
무릎통증약,건강,N,
연골에좋은영양제,건강,N,
콘드로이친1200가격,건강,N,
손가락마디통증약,건강,N,
골다공증예방,건강,N,
손가락관절영양제,건강,N,
고관절에좋은음식,건강,N,
손가락골관절염,건강,N,
골다공증에좋은영양제,건강,N,
무릎관절염약,건강,N,
일본건강식품,건강,N,
손가락관절염약,건강,N,
뼈건강에좋은음식,건강,N,
손가락관절약,건강,N,
허리에좋은영양제,건강,N,
무릎관절약추천,건강,N,
고관절영양제,건강,N,
류마티스관절염영양제,건강,N,
허리디스크에좋은영양제,건강,N,
엄지손가락관절염,건강,N,
무릎통증영양제,건강,N,
관절건강식품,건강,N,
골다공증영양제추천,건강,N,
손가락관절통증영양제,건강,N,
손가락관절염영양제,건강,N,
어깨통증증상,건강,N,
무릎연골약,건강,N,
손목터널증후군약,건강,N,
관절보조제,건강,N,
관절염증영양제,건강,N,
골다공증에좋은약,건강,N,
발목이아파요,건강,N,
무릎앞통증,건강,N,
허리통증영양제,건강,N,
매일관절튼튼,건강,N,
손가락관절에좋은약,건강,N,
오십견에좋은음식,건강,N,
무릎통증완화,건강,N,
손가락퇴행성관절염영양제,건강,N,
손퇴행성관절염,건강,N,
고관절에좋은약,건강,N,
무릎관절염영양제,건강,N,
허리통증완화방법,건강,N,
다리관절통증,건강,N,
관절통증약,건강,N,
관절에좋은식품,건강,N,
진득찰효능,건강,N,
고관절에좋은영양제,건강,N,
협착증에좋은음식,건강,N,
무릎통증에좋은약,건강,N,
퇴행성무릎관절염,건강,N,
손가락퇴행성관절염약,건강,N,
허리에좋은,건강,N,
줄기세포무릎,건강,N,
손관절염약,건강,N,
무릎연골에좋은약,건강,N,
뼈건강식품,건강,N,
관절보충제,건강,N,
어깨영양제,건강,N,
관절에좋은,건강,N,
손목영양제,건강,N,
관절에좋은것,건강,N,
관절염에좋은약,건강,N,
관절연골엔,건강,Y,2026-05-10
무릎관절에좋은영양제,건강,N,
허리통증에좋은약,건강,N,
NAG영양제,건강,N,
신장에좋은음식,건강,N,
혈압낮추는법,건강,N,
간에좋은음식,건강,N,
왼쪽가슴통증,건강,N,
코엔자임Q10효능,건강,N,
고혈압증상,건강,N,
코큐텐효능,건강,Y,2026-05-10
고혈압낮추는방법,건강,N,
췌장에좋은음식,건강,Y,2026-05-10
고혈압수치,건강,N,
콜레스테롤낮추는음식,건강,N,
지방간에좋은음식,건강,N,
혈압높을때증상,건강,N,
혈관에좋은음식,건강,N,
고혈압에좋은음식,건강,N,
심장에좋은음식,건강,N,
고혈압원인,건강,N,
혈압에좋은음식,건강,N,
은행잎추출물,건강,N,
다리가붓는이유,건강,N,
고혈압식단,건강,N,
반찬정기배송,건강,N,
코큐텐추천,건강,N,
활성산소제거,건강,N,
뇌경색에좋은음식,건강,N,
혈압낮추는음식,건강,N,
혈액순환에좋은음식,건강,N,
유비퀴놀코큐텐,건강,N,
고혈압약종류,건강,N,
고혈압영양제,건강,N,
고혈압초기증상,건강,N,
코엔자임큐텐효능,건강,N,
다리혈액순환,건강,N,
혈압에좋은차,건강,N,
치매에좋은음식,건강,N,
고지혈증식단,건강,N,
피를맑게하는음식,건강,N,
단백뇨식단,건강,N,
혈압영양제,건강,N,
혈압에좋은영양제,건강,N,
임산부음식,건강,N,
고혈압에좋은차,건강,N,
기립성저혈압영양제,건강,N,
고혈압관리,건강,N,
코엔자임큐10,건강,N,
고혈압병원,건강,N,
코앤자임큐텐,건강,N,
고혈압에좋은영양제,건강,N,
코큐텐유비퀴놀,건강,N,
혈압낮추는약,건강,N,
심혈관에좋은음식,건강,N,
혈압낮추는방법,건강,N,
당뇨식단배달,건강,N,
고혈압음식,건강,N,
코큐텐11,건강,N,
고혈압진단기준,건강,N,
DASH식단,건강,N,
고혈압운동,건강,N,
신장이안좋으면,건강,N,
GNM코큐텐,건강,N,
심근경색에좋은음식,건강,N,
혈압낮추는영양제,건강,N,
고혈압좋은음식,건강,N,
고혈압합병증,건강,N,
콜레스테롤식단,건강,N,
신장환자식단,건강,N,
아침건강식,건강,N,
심혈관영양제,건강,N,
종아리혈액순환,건강,N,
신부전증음식,건강,N,
코엔자임코큐텐,건강,N,
고혈압낮추는음식,건강,N,
심근경색약,건강,N,
부정맥에좋은영양제,건강,N,
항산화비타민,건강,N,
고혈압치료,건강,N,
고혈압진단,건강,N,
혈압낮추기,건강,N,
고혈압유전,건강,N,
고혈압당뇨,건강,N,
저칼륨음식,건강,N,
고혈압식단표,건강,N,
만성신부전식단,건강,N,
저염식반찬배달,건강,Y,2026-05-10
혈압내리는방법,건강,N,
저염식반찬,건강,N,
고혈압1기,건강,N,
당뇨고혈압,건강,N,
코엔자임Q,건강,N,
단백뇨에좋은음식,건강,N,
한식밑반찬,건강,N,
혈압에좋은약,건강,N,
신장에좋은,건강,N,
고혈압환자,건강,N,
코큐텐혈압,건강,N,
저칼륨식단,건강,N,
뉴케어혈압플랜,건강,N,
고혈압어지럼증,건강,N,
신장기능회복,건강,N,
혈압보조제,건강,N,
부정맥영양제,건강,N,
코큐텐효과,건강,N,
혈압에좋은약초,건강,N,
콜레스테롤에좋은영양제,건강,N,
소아당뇨식단,건강,N,
COQ10효능,건강,N,
신장질환식단,건강,N,
혈압관리영양제,건강,N,
혈관건강식품,건강,N,
고혈압치료제,건강,N,
코자임큐텐,건강,N,
산후조리식단,건강,N,
코큐텐플러스,건강,N,
신부전에좋은음식,건강,N,
고혈압마그네슘,건강,N,
고혈압에좋은식품,건강,N,
고혈압에좋은약초,건강,N,
사구체신염식단,건강,N,
고혈압당뇨식단,건강,N,
혈압낮추는식품,건강,N,
고혈압사우나,건강,N,
고혈압쓰러짐,건강,N,
간좋은음식,건강,N,
심혈관에좋은영양제,건강,N,
고혈압낮추는약,건강,N,
고혈압160,건강,N,
고혈압증세,건강,N,
고혈압에좋은,건강,N,
저염반찬배달,건강,N,
신부전증에좋은음식,건강,N,
신장질환음식,건강,N,
신장에좋은식단,건강,N,
고혈압낮추는차,건강,N,
고혈압당뇨에좋은음식,건강,N,
고혈압완치,건강,N,
고혈압보조제,건강,N,
혈압에좋은,건강,N,
혈관영양제추천,건강,N,
고혈압비타민,건강,N,
신부전음식,건강,N,
고혈압건강식품,건강,N,
고혈압낮추는영양제,건강,N,
당뇨병식단표,건강,N,
당뇨에안좋은음식,건강,N,
당뇨병증상,건강,N,
고지혈증약복용시간,건강,N,
초기치매증상,건강,N,
혈관에좋은차,건강,N,
갱년기증상,건강,N,
갱년기영양제,건강,N,
에스트로겐,건강,N,
에스트로겐영양제,건강,N,
여성호르몬영양제,건강,N,
갱년기유산균,건강,N,
여성갱년기영양제,건강,N,
갱년기유산균YT1,건강,N,
에스트로업,건강,N,
메노락토프리미엄,건강,N,
갱년기에좋은영양제,건강,N,
식물성에스트로겐,건강,N,
갱년기보조제,건강,N,
폐경기영양제,건강,N,
갱년기영양제추천,건강,N,
르시크릿에스트로업,건강,N,
김희애갱년기,건강,N,
갱년기건강,건강,N,
박미선갱년기,건강,N,
회화나무추출물,건강,N,
비만다이어트,건강,N,
단백질셰이크,건강,N,
당뇨환자에좋은음식,건강,N,
과민성대장증후군에좋은유산균,건강,N,
멀티유산균,건강,N,
허리디스크에좋은약,건강,N,
관절약MSM,건강,N,
고혈압에좋은건강식품,건강,N,
중성지방낮추는영양제,건강,N,
